{"cameraMode":{"drawMode":0,"name":"Shaded","section":"Shading Mode"},"sceneLighting":true,"audioPlay":false,"sceneViewState":{"m_AlwaysRefresh":false,"showFog":true,"showSkybox":true,"showFlares":true,"showImageEffects":true,"showParticleSystems":true,"showVisualEffectGraphs":true,"m_FxEnabled":true},"in2DMode":false,"pivot":{"x":1094.0748291015625,"y":636.279052734375,"z":69.94631958007813},"rotation":{"x":-0.06326474994421005,"y":-0.011380110867321492,"z":0.0007250884082168341,"w":-0.9979429841041565},"size":411.70220947265627,"orthographic":false}